PUID;Parent;LocalID;TypeGraphics
1;Batt;LabelBattCharging;ioLabel
2;Batt;GridChargerInput;ioPanelGrid
3;Batt;InstrChargeInputVolt;ioTextBlock
4;Batt;LabelChargeInputVolt;ioLabel
5;Batt;GridChargeActive12V;ioPanelGrid
6;Batt;ShapeActiveCharge12V;ioShape
7;Batt;LabelActiveCharge12V;ioLabel
8;Batt;GridChargeActive24V;ioPanelGrid
9;Batt;ShapeActiveCharge24V;ioShape
10;Batt;LabelActiveCharge24V;ioLabel
11;Batt;BattPanel12V;ioPanelGrid
12;Batt;BattPanel24V;ioPanelGrid
13;Batt;BattStatusGrid;ioPanelGrid
14;Batt;BattChargingGrid;ioPanelGrid
15;Batt;LabelStatus;ioLabel
16;Batt;GridSoc;ioPanelGrid
17;Batt;InstrSoc;ioTextBlock
18;Batt;LabelSoc;ioLabel
19;Batt;GridTime;ioPanelGrid
20;Batt;InstrTime;ioTextBlock
21;Batt;LabelTime;ioLabel
22;Batt.Dc12;LabelBatt;ioLabel
23;Batt.Dc12;GridVolt;ioPanelGrid
24;Batt.Dc12;InstrVolt;ioTextBlock
25;Batt.Dc12;LabelVolt;ioLabel
26;Batt.Dc12;GridBattAmp;ioPanelGrid
27;Batt.Dc12;InstrAmpAvg;ioTextBlock
28;Batt.Dc12;LabelAmpAvg;ioLabel
29;Batt.Dc12;InstrAmpDiff;ioTextBlock
30;Batt.Dc24;LabelBatt;ioLabel
31;Batt.Dc24;GridVolt;ioPanelGrid
32;Batt.Dc24;InstrVolt;ioTextBlock
33;Batt.Dc24;LabelVolt;ioLabel
34;Batt.Dc24;GridBattAmp;ioPanelGrid
35;Batt.Dc24;InstrAmpAvg;ioTextBlock
36;Batt.Dc24;LabelAmpAvg;ioLabel
37;Batt.Dc24;InstrAmpDiff;ioTextBlock
38;Ids;GridStatusCcF;ioPanelGrid
39;Ids;GridStatusCcM;ioPanelGrid
40;Ids;GridStatusCcA;ioPanelGrid
41;Ids.CcF;LabelIdsCc;ioLabel
42;Ids.CcF;ShapeWiFi;ioShape
43;Ids.CcF;ShapeEthernet;ioShape
44;Ids.CcF;ShapeIO;ioShape
45;Ids.CcF;ShapeInCommand;ioShape
46;Ids.CcM;LabelIdsCc;ioLabel
47;Ids.CcM;ShapeWiFi;ioShape
48;Ids.CcM;ShapeEthernet;ioShape
49;Ids.CcM;ShapeIO;ioShape
50;Ids.CcM;ShapeInCommand;ioShape
51;Ids.CcA;LabelIdsCc;ioLabel
52;Ids.CcA;ShapeWiFi;ioShape
53;Ids.CcA;ShapeEthernet;ioShape
54;Ids.CcA;ShapeIO;ioShape
55;Ids.CcA;ShapeInCommand;ioShape
58;Pow.CpM;CommandNoRef;ioPanelGrid
59;Pow.CpM;ModeNoRef;ioPanelGrid
60;Pow.CpA;CommandNoRef;ioPanelGrid
61;Pow.CpA;ModeNoRef;ioPanelGrid
62;Pow.CpM;HeaderCommandPanelPow;ioLabel
63;Pow.CpM;ShapeCommandStatusPow;ioShape
64;Pow.CpM;LabelPowerMode;ioLabel
65;Pow.CpM;TextCommandStatusPow;ioTextBlock
66;Pow.CpM;ButtTakeRequestPow;ioButtonShape
67;Pow.CpM;ButtReleasePow;ioButtonShape
68;Pow.CpA;HeaderCommandPanelPow;ioLabel
69;Pow.CpA;ShapeCommandStatusPow;ioShape
70;Pow.CpA;LabelPowerMode;ioLabel
71;Pow.CpA;TextCommandStatusPow;ioTextBlock
72;Pow.CpA;ButtTakeRequestPow;ioButtonShape
73;Pow.CpA;ButtReleasePow;ioButtonShape
74;Pow.CpM;ButtDockIdle;ioButtonText
75;Pow.CpM;ButtDockConnectedShore;ioButtonText
76;Pow.CpM;ButtDockNotConnected;ioButtonText
77;Pow.CpM;ButtInTransit;ioButtonText
78;Pow.CpM;ButtInTransitEngine;ioButtonText
79;Pow.CpM;ButtInTransitSailing;ioButtonText
80;Pow.CpA;ButtInTransit;ioButtonText
81;Pow.CpA;ButtInTransitEngine;ioButtonText
82;Pow.CpA;ButtInTransitSailing;ioButtonText
83;Pow.Out12V;GridAftPowOutput;ioPanelGrid
84;Pow.Out12V;GridMidPowOutput;ioPanelGrid
85;Pow.Out12V;GridFwdPowOutput;ioPanelGrid
86;Pow.Out24V;GridAftPowOutput;ioPanelGrid
87;Pow.Out24V;GridMidPowOutput;ioPanelGrid
88;Pow.Out24V;GridFwdPowOutput;ioPanelGrid
89;Pow.Out220V;GridAftPowOutput;ioPanelGrid
90;Pow.Out220V;GridMidPowOutput;ioPanelGrid
91;Pow.Out220V;GridFwdPowOutput;ioPanelGrid
92;Pow.Out12M;GridChInd1;ioPanelGrid
93;Pow.Out12M;ShpOnOffInd1;ioShape
94;Pow.Out12M;LabelNameInd1;ioLabel
95;Pow.Out12M;GridChInd2;ioPanelGrid
96;Pow.Out12M;ShpOnOffInd2;ioShape
97;Pow.Out12M;LabelNameInd2;ioLabel
98;Pow.Out12M;GridChInd3;ioPanelGrid
99;Pow.Out12M;ShpOnOffInd3;ioShape
100;Pow.Out12M;LabelNameInd3;ioLabel
101;Pow.Out12M;GridChInd4;ioPanelGrid
102;Pow.Out12M;ShpOnOffInd4;ioShape
103;Pow.Out12M;LabelNameInd4;ioLabel
104;Pow.Out12M;GridChInd5;ioPanelGrid
105;Pow.Out12M;ShpOnOffInd5;ioShape
106;Pow.Out12M;LabelNameInd5;ioLabel
107;Pow.Out12M;GridChInd6;ioPanelGrid
108;Pow.Out12M;ShpOnOffInd6;ioShape
109;Pow.Out12M;LabelNameInd6;ioLabel
110;Pow.Out12M;GridChInd7;ioPanelGrid
111;Pow.Out12M;ShpOnOffInd7;ioShape
112;Pow.Out12M;LabelNameInd7;ioLabel
113;Pow.Out12M;GridChInd8;ioPanelGrid
114;Pow.Out12M;ShpOnOffInd8;ioShape
115;Pow.Out12M;LabelNameInd8;ioLabel
116;Pow.Out12F;GridChInd1;ioPanelGrid
117;Pow.Out12F;ShpOnOffInd1;ioShape
118;Pow.Out12F;LabelNameInd1;ioLabel
119;Pow.Out12F;GridChInd2;ioPanelGrid
120;Pow.Out12F;ShpOnOffInd2;ioShape
121;Pow.Out12F;LabelNameInd2;ioLabel
122;Pow.Out12F;GridChInd3;ioPanelGrid
123;Pow.Out12F;ShpOnOffInd3;ioShape
124;Pow.Out12F;LabelNameInd3;ioLabel
125;Pow.Out12F;GridChInd4;ioPanelGrid
126;Pow.Out12F;ShpOnOffInd4;ioShape
127;Pow.Out12F;LabelNameInd4;ioLabel
128;Pow.Out12F;GridChInd5;ioPanelGrid
129;Pow.Out12F;ShpOnOffInd5;ioShape
130;Pow.Out12F;LabelNameInd5;ioLabel
131;Pow.Out12F;GridChInd6;ioPanelGrid
132;Pow.Out12F;ShpOnOffInd6;ioShape
133;Pow.Out12F;LabelNameInd6;ioLabel
134;Pow.Out12F;GridChInd7;ioPanelGrid
135;Pow.Out12F;ShpOnOffInd7;ioShape
136;Pow.Out12F;LabelNameInd7;ioLabel
137;Pow.Out12F;GridChInd8;ioPanelGrid
138;Pow.Out12F;ShpOnOffInd8;ioShape
139;Pow.Out12F;LabelNameInd8;ioLabel
140;Pow.Out12A;GridChInd1;ioPanelGrid
141;Pow.Out12A;ShpOnOffInd1;ioShape
142;Pow.Out12A;LabelNameInd1;ioLabel
143;Pow.Out12A;GridChInd2;ioPanelGrid
144;Pow.Out12A;ShpOnOffInd2;ioShape
145;Pow.Out12A;LabelNameInd2;ioLabel
146;Pow.Out12A;GridChInd3;ioPanelGrid
147;Pow.Out12A;ShpOnOffInd3;ioShape
148;Pow.Out12A;LabelNameInd3;ioLabel
149;Pow.Out12A;GridChInd4;ioPanelGrid
150;Pow.Out12A;ShpOnOffInd4;ioShape
151;Pow.Out12A;LabelNameInd4;ioLabel
152;Pow.Out12A;GridChInd5;ioPanelGrid
153;Pow.Out12A;ShpOnOffInd5;ioShape
154;Pow.Out12A;LabelNameInd5;ioLabel
155;Pow.Out12A;GridChInd6;ioPanelGrid
156;Pow.Out12A;ShpOnOffInd6;ioShape
157;Pow.Out12A;LabelNameInd6;ioLabel
158;Pow.Out12A;GridChInd7;ioPanelGrid
159;Pow.Out12A;ShpOnOffInd7;ioShape
160;Pow.Out12A;LabelNameInd7;ioLabel
161;Pow.Out12A;GridChInd8;ioPanelGrid
162;Pow.Out12A;ShpOnOffInd8;ioShape
163;Pow.Out12A;LabelNameInd8;ioLabel
164;Pow.Out24M;GridChInd1;ioPanelGrid
165;Pow.Out24M;ShpOnOffInd1;ioShape
166;Pow.Out24M;LabelNameInd1;ioLabel
167;Pow.Out24M;GridChInd2;ioPanelGrid
168;Pow.Out24M;ShpOnOffInd2;ioShape
169;Pow.Out24M;LabelNameInd2;ioLabel
170;Pow.Out24M;GridChInd3;ioPanelGrid
171;Pow.Out24M;ShpOnOffInd3;ioShape
172;Pow.Out24M;LabelNameInd3;ioLabel
173;Pow.Out24M;GridChInd4;ioPanelGrid
174;Pow.Out24M;ShpOnOffInd4;ioShape
175;Pow.Out24M;LabelNameInd4;ioLabel
176;Pow.Out24M;GridChInd5;ioPanelGrid
177;Pow.Out24M;ShpOnOffInd5;ioShape
178;Pow.Out24M;LabelNameInd5;ioLabel
179;Pow.Out24M;GridChInd6;ioPanelGrid
180;Pow.Out24M;ShpOnOffInd6;ioShape
181;Pow.Out24M;LabelNameInd6;ioLabel
182;Pow.Out24M;GridChInd7;ioPanelGrid
183;Pow.Out24M;ShpOnOffInd7;ioShape
184;Pow.Out24M;LabelNameInd7;ioLabel
185;Pow.Out24M;GridChInd8;ioPanelGrid
186;Pow.Out24M;ShpOnOffInd8;ioShape
187;Pow.Out24M;LabelNameInd8;ioLabel
188;Pow.Out24F;GridChInd1;ioPanelGrid
189;Pow.Out24F;ShpOnOffInd1;ioShape
190;Pow.Out24F;LabelNameInd1;ioLabel
191;Pow.Out24F;GridChInd2;ioPanelGrid
192;Pow.Out24F;ShpOnOffInd2;ioShape
193;Pow.Out24F;LabelNameInd2;ioLabel
194;Pow.Out24F;GridChInd3;ioPanelGrid
195;Pow.Out24F;ShpOnOffInd3;ioShape
196;Pow.Out24F;LabelNameInd3;ioLabel
197;Pow.Out24F;GridChInd4;ioPanelGrid
198;Pow.Out24F;ShpOnOffInd4;ioShape
199;Pow.Out24F;LabelNameInd4;ioLabel
200;Pow.Out24F;GridChInd5;ioPanelGrid
201;Pow.Out24F;ShpOnOffInd5;ioShape
202;Pow.Out24F;LabelNameInd5;ioLabel
203;Pow.Out24F;GridChInd6;ioPanelGrid
204;Pow.Out24F;ShpOnOffInd6;ioShape
205;Pow.Out24F;LabelNameInd6;ioLabel
206;Pow.Out24F;GridChInd7;ioPanelGrid
207;Pow.Out24F;ShpOnOffInd7;ioShape
208;Pow.Out24F;LabelNameInd7;ioLabel
209;Pow.Out24F;GridChInd8;ioPanelGrid
210;Pow.Out24F;ShpOnOffInd8;ioShape
211;Pow.Out24F;LabelNameInd8;ioLabel
212;Pow.Out24A;GridChInd1;ioPanelGrid
213;Pow.Out24A;ShpOnOffInd1;ioShape
214;Pow.Out24A;LabelNameInd1;ioLabel
215;Pow.Out24A;GridChInd2;ioPanelGrid
216;Pow.Out24A;ShpOnOffInd2;ioShape
217;Pow.Out24A;LabelNameInd2;ioLabel
218;Pow.Out24A;GridChInd3;ioPanelGrid
219;Pow.Out24A;ShpOnOffInd3;ioShape
220;Pow.Out24A;LabelNameInd3;ioLabel
221;Pow.Out24A;GridChInd4;ioPanelGrid
222;Pow.Out24A;ShpOnOffInd4;ioShape
223;Pow.Out24A;LabelNameInd4;ioLabel
224;Pow.Out24A;GridChInd5;ioPanelGrid
225;Pow.Out24A;ShpOnOffInd5;ioShape
226;Pow.Out24A;LabelNameInd5;ioLabel
227;Pow.Out24A;GridChInd6;ioPanelGrid
228;Pow.Out24A;ShpOnOffInd6;ioShape
229;Pow.Out24A;LabelNameInd6;ioLabel
230;Pow.Out24A;GridChInd7;ioPanelGrid
231;Pow.Out24A;ShpOnOffInd7;ioShape
232;Pow.Out24A;LabelNameInd7;ioLabel
233;Pow.Out24A;GridChInd8;ioPanelGrid
234;Pow.Out24A;ShpOnOffInd8;ioShape
235;Pow.Out24A;LabelNameInd8;ioLabel
236;Pow.Out220M;GridChInd1;ioPanelGrid
237;Pow.Out220M;ShpOnOffInd1;ioShape
238;Pow.Out220M;LabelNameInd1;ioLabel
239;Pow.Out220M;GridChInd2;ioPanelGrid
240;Pow.Out220M;ShpOnOffInd2;ioShape
241;Pow.Out220M;LabelNameInd2;ioLabel
242;Pow.Out220M;GridChInd3;ioPanelGrid
243;Pow.Out220M;ShpOnOffInd3;ioShape
244;Pow.Out220M;LabelNameInd3;ioLabel
245;Pow.Out220M;GridChInd4;ioPanelGrid
246;Pow.Out220M;ShpOnOffInd4;ioShape
247;Pow.Out220M;LabelNameInd4;ioLabel
248;Pow.Out220M;GridChInd5;ioPanelGrid
249;Pow.Out220M;ShpOnOffInd5;ioShape
250;Pow.Out220M;LabelNameInd5;ioLabel
251;Pow.Out220M;GridChInd6;ioPanelGrid
252;Pow.Out220M;ShpOnOffInd6;ioShape
253;Pow.Out220M;LabelNameInd6;ioLabel
254;Pow.Out220M;GridChInd7;ioPanelGrid
255;Pow.Out220M;ShpOnOffInd7;ioShape
256;Pow.Out220M;LabelNameInd7;ioLabel
257;Pow.Out220M;GridChInd8;ioPanelGrid
258;Pow.Out220M;ShpOnOffInd8;ioShape
259;Pow.Out220M;LabelNameInd8;ioLabel
260;Pow.Out220F;GridChInd1;ioPanelGrid
261;Pow.Out220F;ShpOnOffInd1;ioShape
262;Pow.Out220F;LabelNameInd1;ioLabel
263;Pow.Out220F;GridChInd2;ioPanelGrid
264;Pow.Out220F;ShpOnOffInd2;ioShape
265;Pow.Out220F;LabelNameInd2;ioLabel
266;Pow.Out220F;GridChInd3;ioPanelGrid
267;Pow.Out220F;ShpOnOffInd3;ioShape
268;Pow.Out220F;LabelNameInd3;ioLabel
269;Pow.Out220F;GridChInd4;ioPanelGrid
270;Pow.Out220F;ShpOnOffInd4;ioShape
271;Pow.Out220F;LabelNameInd4;ioLabel
272;Pow.Out220F;GridChInd5;ioPanelGrid
273;Pow.Out220F;ShpOnOffInd5;ioShape
274;Pow.Out220F;LabelNameInd5;ioLabel
275;Pow.Out220F;GridChInd6;ioPanelGrid
276;Pow.Out220F;ShpOnOffInd6;ioShape
277;Pow.Out220F;LabelNameInd6;ioLabel
278;Pow.Out220F;GridChInd7;ioPanelGrid
279;Pow.Out220F;ShpOnOffInd7;ioShape
280;Pow.Out220F;LabelNameInd7;ioLabel
281;Pow.Out220F;GridChInd8;ioPanelGrid
282;Pow.Out220F;ShpOnOffInd8;ioShape
283;Pow.Out220F;LabelNameInd8;ioLabel
284;Pow.Out220A;GridChInd1;ioPanelGrid
285;Pow.Out220A;ShpOnOffInd1;ioShape
286;Pow.Out220A;LabelNameInd1;ioLabel
287;Pow.Out220A;GridChInd2;ioPanelGrid
288;Pow.Out220A;ShpOnOffInd2;ioShape
289;Pow.Out220A;LabelNameInd2;ioLabel
290;Pow.Out220A;GridChInd3;ioPanelGrid
291;Pow.Out220A;ShpOnOffInd3;ioShape
292;Pow.Out220A;LabelNameInd3;ioLabel
293;Pow.Out220A;GridChInd4;ioPanelGrid
294;Pow.Out220A;ShpOnOffInd4;ioShape
295;Pow.Out220A;LabelNameInd4;ioLabel
296;Pow.Out220A;GridChInd5;ioPanelGrid
297;Pow.Out220A;ShpOnOffInd5;ioShape
298;Pow.Out220A;LabelNameInd5;ioLabel
299;Pow.Out220A;GridChInd6;ioPanelGrid
300;Pow.Out220A;ShpOnOffInd6;ioShape
301;Pow.Out220A;LabelNameInd6;ioLabel
302;Pow.Out220A;GridChInd7;ioPanelGrid
303;Pow.Out220A;ShpOnOffInd7;ioShape
304;Pow.Out220A;LabelNameInd7;ioLabel
305;Pow.Out220A;GridChInd8;ioPanelGrid
306;Pow.Out220A;ShpOnOffInd8;ioShape
307;Pow.Out220A;LabelNameInd8;ioLabel
308;Pow.Out12M;GridCh1;ioPanelGrid
309;Pow.Out12M;ButtOffCh1;ioButtonShape
310;Pow.Out12M;ButtOnCh1;ioButtonShape
311;Pow.Out12M;GridCh2;ioPanelGrid
312;Pow.Out12M;ButtOffCh2;ioButtonShape
313;Pow.Out12M;ButtOnCh2;ioButtonShape
314;Pow.Out12M;GridCh3;ioPanelGrid
315;Pow.Out12M;ButtOffCh3;ioButtonShape
316;Pow.Out12M;ButtOnCh3;ioButtonShape
317;Pow.Out12M;GridCh4;ioPanelGrid
318;Pow.Out12M;ButtOffCh4;ioButtonShape
319;Pow.Out12M;ButtOnCh4;ioButtonShape
320;Pow.Out12M;GridCh5;ioPanelGrid
321;Pow.Out12M;ButtOffCh5;ioButtonShape
322;Pow.Out12M;ButtOnCh5;ioButtonShape
323;Pow.Out12M;GridCh6;ioPanelGrid
324;Pow.Out12M;ButtOffCh6;ioButtonShape
325;Pow.Out12M;ButtOnCh6;ioButtonShape
326;Pow.Out12M;GridCh7;ioPanelGrid
327;Pow.Out12M;ButtOffCh7;ioButtonShape
328;Pow.Out12M;ButtOnCh7;ioButtonShape
329;Pow.Out12M;GridCh8;ioPanelGrid
330;Pow.Out12M;ButtOffCh8;ioButtonShape
331;Pow.Out12M;ButtOnCh8;ioButtonShape
332;Pow.Out12M;Ind12M;ioPanelGrid
333;Pow.Out12F;GridCh1;ioPanelGrid
334;Pow.Out12F;ButtOffCh1;ioButtonShape
335;Pow.Out12F;ButtOnCh1;ioButtonShape
336;Pow.Out12F;GridCh2;ioPanelGrid
337;Pow.Out12F;ButtOffCh2;ioButtonShape
338;Pow.Out12F;ButtOnCh2;ioButtonShape
339;Pow.Out12F;GridCh3;ioPanelGrid
340;Pow.Out12F;ButtOffCh3;ioButtonShape
341;Pow.Out12F;ButtOnCh3;ioButtonShape
342;Pow.Out12F;GridCh4;ioPanelGrid
343;Pow.Out12F;ButtOffCh4;ioButtonShape
344;Pow.Out12F;ButtOnCh4;ioButtonShape
345;Pow.Out12F;GridCh5;ioPanelGrid
346;Pow.Out12F;ButtOffCh5;ioButtonShape
347;Pow.Out12F;ButtOnCh5;ioButtonShape
348;Pow.Out12F;GridCh6;ioPanelGrid
349;Pow.Out12F;ButtOffCh6;ioButtonShape
350;Pow.Out12F;ButtOnCh6;ioButtonShape
351;Pow.Out12F;GridCh7;ioPanelGrid
352;Pow.Out12F;ButtOffCh7;ioButtonShape
353;Pow.Out12F;ButtOnCh7;ioButtonShape
354;Pow.Out12F;GridCh8;ioPanelGrid
355;Pow.Out12F;ButtOffCh8;ioButtonShape
356;Pow.Out12F;ButtOnCh8;ioButtonShape
357;Pow.Out12F;Ind12F;ioPanelGrid
358;Pow.Out12A;GridCh1;ioPanelGrid
359;Pow.Out12A;ButtOffCh1;ioButtonShape
360;Pow.Out12A;ButtOnCh1;ioButtonShape
361;Pow.Out12A;GridCh2;ioPanelGrid
362;Pow.Out12A;ButtOffCh2;ioButtonShape
363;Pow.Out12A;ButtOnCh2;ioButtonShape
364;Pow.Out12A;GridCh3;ioPanelGrid
365;Pow.Out12A;ButtOffCh3;ioButtonShape
366;Pow.Out12A;ButtOnCh3;ioButtonShape
367;Pow.Out12A;GridCh4;ioPanelGrid
368;Pow.Out12A;ButtOffCh4;ioButtonShape
369;Pow.Out12A;ButtOnCh4;ioButtonShape
370;Pow.Out12A;GridCh5;ioPanelGrid
371;Pow.Out12A;ButtOffCh5;ioButtonShape
372;Pow.Out12A;ButtOnCh5;ioButtonShape
373;Pow.Out12A;GridCh6;ioPanelGrid
374;Pow.Out12A;ButtOffCh6;ioButtonShape
375;Pow.Out12A;ButtOnCh6;ioButtonShape
376;Pow.Out12A;GridCh7;ioPanelGrid
377;Pow.Out12A;ButtOffCh7;ioButtonShape
378;Pow.Out12A;ButtOnCh7;ioButtonShape
379;Pow.Out12A;GridCh8;ioPanelGrid
380;Pow.Out12A;ButtOffCh8;ioButtonShape
381;Pow.Out12A;ButtOnCh8;ioButtonShape
382;Pow.Out12A;Ind12A;ioPanelGrid
383;Pow.Out24M;GridCh1;ioPanelGrid
384;Pow.Out24M;ButtOffCh1;ioButtonShape
385;Pow.Out24M;ButtOnCh1;ioButtonShape
386;Pow.Out24M;GridCh2;ioPanelGrid
387;Pow.Out24M;ButtOffCh2;ioButtonShape
388;Pow.Out24M;ButtOnCh2;ioButtonShape
389;Pow.Out24M;GridCh3;ioPanelGrid
390;Pow.Out24M;ButtOffCh3;ioButtonShape
391;Pow.Out24M;ButtOnCh3;ioButtonShape
392;Pow.Out24M;GridCh4;ioPanelGrid
393;Pow.Out24M;ButtOffCh4;ioButtonShape
394;Pow.Out24M;ButtOnCh4;ioButtonShape
395;Pow.Out24M;GridCh5;ioPanelGrid
396;Pow.Out24M;ButtOffCh5;ioButtonShape
397;Pow.Out24M;ButtOnCh5;ioButtonShape
398;Pow.Out24M;GridCh6;ioPanelGrid
399;Pow.Out24M;ButtOffCh6;ioButtonShape
400;Pow.Out24M;ButtOnCh6;ioButtonShape
401;Pow.Out24M;GridCh7;ioPanelGrid
402;Pow.Out24M;ButtOffCh7;ioButtonShape
403;Pow.Out24M;ButtOnCh7;ioButtonShape
404;Pow.Out24M;GridCh8;ioPanelGrid
405;Pow.Out24M;ButtOffCh8;ioButtonShape
406;Pow.Out24M;ButtOnCh8;ioButtonShape
407;Pow.Out24M;Ind24M;ioPanelGrid
408;Pow.Out24F;GridCh1;ioPanelGrid
409;Pow.Out24F;ButtOffCh1;ioButtonShape
410;Pow.Out24F;ButtOnCh1;ioButtonShape
411;Pow.Out24F;GridCh2;ioPanelGrid
412;Pow.Out24F;ButtOffCh2;ioButtonShape
413;Pow.Out24F;ButtOnCh2;ioButtonShape
414;Pow.Out24F;GridCh3;ioPanelGrid
415;Pow.Out24F;ButtOffCh3;ioButtonShape
416;Pow.Out24F;ButtOnCh3;ioButtonShape
417;Pow.Out24F;GridCh4;ioPanelGrid
418;Pow.Out24F;ButtOffCh4;ioButtonShape
419;Pow.Out24F;ButtOnCh4;ioButtonShape
420;Pow.Out24F;GridCh5;ioPanelGrid
421;Pow.Out24F;ButtOffCh5;ioButtonShape
422;Pow.Out24F;ButtOnCh5;ioButtonShape
423;Pow.Out24F;GridCh6;ioPanelGrid
424;Pow.Out24F;ButtOffCh6;ioButtonShape
425;Pow.Out24F;ButtOnCh6;ioButtonShape
426;Pow.Out24F;GridCh7;ioPanelGrid
427;Pow.Out24F;ButtOffCh7;ioButtonShape
428;Pow.Out24F;ButtOnCh7;ioButtonShape
429;Pow.Out24F;GridCh8;ioPanelGrid
430;Pow.Out24F;ButtOffCh8;ioButtonShape
431;Pow.Out24F;ButtOnCh8;ioButtonShape
432;Pow.Out24F;Ind24F;ioPanelGrid
433;Pow.Out24A;GridCh1;ioPanelGrid
434;Pow.Out24A;ButtOffCh1;ioButtonShape
435;Pow.Out24A;ButtOnCh1;ioButtonShape
436;Pow.Out24A;GridCh2;ioPanelGrid
437;Pow.Out24A;ButtOffCh2;ioButtonShape
438;Pow.Out24A;ButtOnCh2;ioButtonShape
439;Pow.Out24A;GridCh3;ioPanelGrid
440;Pow.Out24A;ButtOffCh3;ioButtonShape
441;Pow.Out24A;ButtOnCh3;ioButtonShape
442;Pow.Out24A;GridCh4;ioPanelGrid
443;Pow.Out24A;ButtOffCh4;ioButtonShape
444;Pow.Out24A;ButtOnCh4;ioButtonShape
445;Pow.Out24A;GridCh5;ioPanelGrid
446;Pow.Out24A;ButtOffCh5;ioButtonShape
447;Pow.Out24A;ButtOnCh5;ioButtonShape
448;Pow.Out24A;GridCh6;ioPanelGrid
449;Pow.Out24A;ButtOffCh6;ioButtonShape
450;Pow.Out24A;ButtOnCh6;ioButtonShape
451;Pow.Out24A;GridCh7;ioPanelGrid
452;Pow.Out24A;ButtOffCh7;ioButtonShape
453;Pow.Out24A;ButtOnCh7;ioButtonShape
454;Pow.Out24A;GridCh8;ioPanelGrid
455;Pow.Out24A;ButtOffCh8;ioButtonShape
456;Pow.Out24A;ButtOnCh8;ioButtonShape
457;Pow.Out24A;Ind24A;ioPanelGrid
458;Pow.Out220M;GridCh1;ioPanelGrid
459;Pow.Out220M;ButtOffCh1;ioButtonShape
460;Pow.Out220M;ButtOnCh1;ioButtonShape
461;Pow.Out220M;GridCh2;ioPanelGrid
462;Pow.Out220M;ButtOffCh2;ioButtonShape
463;Pow.Out220M;ButtOnCh2;ioButtonShape
464;Pow.Out220M;GridCh3;ioPanelGrid
465;Pow.Out220M;ButtOffCh3;ioButtonShape
466;Pow.Out220M;ButtOnCh3;ioButtonShape
467;Pow.Out220M;GridCh4;ioPanelGrid
468;Pow.Out220M;ButtOffCh4;ioButtonShape
469;Pow.Out220M;ButtOnCh4;ioButtonShape
470;Pow.Out220M;GridCh5;ioPanelGrid
471;Pow.Out220M;ButtOffCh5;ioButtonShape
472;Pow.Out220M;ButtOnCh5;ioButtonShape
473;Pow.Out220M;GridCh6;ioPanelGrid
474;Pow.Out220M;ButtOffCh6;ioButtonShape
475;Pow.Out220M;ButtOnCh6;ioButtonShape
476;Pow.Out220M;GridCh7;ioPanelGrid
477;Pow.Out220M;ButtOffCh7;ioButtonShape
478;Pow.Out220M;ButtOnCh7;ioButtonShape
479;Pow.Out220M;GridCh8;ioPanelGrid
480;Pow.Out220M;ButtOffCh8;ioButtonShape
481;Pow.Out220M;ButtOnCh8;ioButtonShape
482;Pow.Out220M;Ind220M;ioPanelGrid
483;Pow.Out220F;GridCh1;ioPanelGrid
484;Pow.Out220F;ButtOffCh1;ioButtonShape
485;Pow.Out220F;ButtOnCh1;ioButtonShape
486;Pow.Out220F;GridCh2;ioPanelGrid
487;Pow.Out220F;ButtOffCh2;ioButtonShape
488;Pow.Out220F;ButtOnCh2;ioButtonShape
489;Pow.Out220F;GridCh3;ioPanelGrid
490;Pow.Out220F;ButtOffCh3;ioButtonShape
491;Pow.Out220F;ButtOnCh3;ioButtonShape
492;Pow.Out220F;GridCh4;ioPanelGrid
493;Pow.Out220F;ButtOffCh4;ioButtonShape
494;Pow.Out220F;ButtOnCh4;ioButtonShape
495;Pow.Out220F;GridCh5;ioPanelGrid
496;Pow.Out220F;ButtOffCh5;ioButtonShape
497;Pow.Out220F;ButtOnCh5;ioButtonShape
498;Pow.Out220F;GridCh6;ioPanelGrid
499;Pow.Out220F;ButtOffCh6;ioButtonShape
500;Pow.Out220F;ButtOnCh6;ioButtonShape
501;Pow.Out220F;GridCh7;ioPanelGrid
502;Pow.Out220F;ButtOffCh7;ioButtonShape
503;Pow.Out220F;ButtOnCh7;ioButtonShape
504;Pow.Out220F;GridCh8;ioPanelGrid
505;Pow.Out220F;ButtOffCh8;ioButtonShape
506;Pow.Out220F;ButtOnCh8;ioButtonShape
507;Pow.Out220F;Ind220F;ioPanelGrid
508;Pow.Out220A;GridCh1;ioPanelGrid
509;Pow.Out220A;ButtOffCh1;ioButtonShape
510;Pow.Out220A;ButtOnCh1;ioButtonShape
511;Pow.Out220A;GridCh2;ioPanelGrid
512;Pow.Out220A;ButtOffCh2;ioButtonShape
513;Pow.Out220A;ButtOnCh2;ioButtonShape
514;Pow.Out220A;GridCh3;ioPanelGrid
515;Pow.Out220A;ButtOffCh3;ioButtonShape
516;Pow.Out220A;ButtOnCh3;ioButtonShape
517;Pow.Out220A;GridCh4;ioPanelGrid
518;Pow.Out220A;ButtOffCh4;ioButtonShape
519;Pow.Out220A;ButtOnCh4;ioButtonShape
520;Pow.Out220A;GridCh5;ioPanelGrid
521;Pow.Out220A;ButtOffCh5;ioButtonShape
522;Pow.Out220A;ButtOnCh5;ioButtonShape
523;Pow.Out220A;GridCh6;ioPanelGrid
524;Pow.Out220A;ButtOffCh6;ioButtonShape
525;Pow.Out220A;ButtOnCh6;ioButtonShape
526;Pow.Out220A;GridCh7;ioPanelGrid
527;Pow.Out220A;ButtOffCh7;ioButtonShape
528;Pow.Out220A;ButtOnCh7;ioButtonShape
529;Pow.Out220A;GridCh8;ioPanelGrid
530;Pow.Out220A;ButtOffCh8;ioButtonShape
531;Pow.Out220A;ButtOnCh8;ioButtonShape
532;Pow.Out220A;Ind220A;ioPanelGrid
533;Steer;GridCommandCpM;ioPanelGrid
534;Steer;GridModeCpM;ioPanelGrid
535;Steer;GridSetRefCpM;ioPanelGrid
536;Steer;GridCommandCpA;ioPanelGrid
537;Steer;GridModeCpA;ioPanelGrid
538;Steer;GridSetRefCpA;ioPanelGrid
539;Steer;GridApMPanel;ioPanelGrid
540;Steer.ApM;GridAutopilot;ioPanelGrid
541;Steer.ApM;LabelApSteer;ioLabel
542;Steer.ApM;InstrHeadingRef;ioTextBlock
543;Steer.ApM;LabelHeading;ioLabel
544;Steer.ApM;InstrHeading;ioTextBlock
545;Steer.ApM;ShapeContourShip;ioShape
546;Steer.ApM;CompThruster;ioUiComponent
547;Steer.ApM;CompRudder;ioUiComponent
548;Steer.ApM;CompRateOfTurn;ioUiComponent
549;Steer.ApM;CompEngine;ioUiComponent
550;Steer.ApM;GridRotMeas;ioPanelGrid
551;Steer.ApM;TextRotValue;ioTextBlock
552;Steer.ApM;LabelRot;ioLabel
553;Steer.ApM;GridEngineMeas;ioPanelGrid
554;Steer.ApM;TextEngineValue;ioTextBlock
555;Steer.ApM;LabelEngine;ioLabel
556;Steer.ApM;GridThrustMeas;ioPanelGrid
557;Steer.ApM;TextThrustValue;ioTextBlock
558;Steer.ApM;LabelThrust;ioLabel
559;Steer.ApA;GridAutopilot;ioPanelGrid
560;Steer.ApA;LabelApSteer;ioLabel
561;Steer.ApA;InstrHeadingRef;ioTextBlock
562;Steer.ApA;LabelHeading;ioLabel
563;Steer.ApA;InstrHeading;ioTextBlock
564;Steer.ApA;ShapeContourShip;ioShape
565;Steer.ApA;CompThruster;ioUiComponent
566;Steer.ApA;CompRudder;ioUiComponent
567;Steer.ApA;CompRateOfTurn;ioUiComponent
568;Steer.ApA;CompEngine;ioUiComponent
569;Steer.ApA;GridRotMeas;ioPanelGrid
570;Steer.ApA;TextRotValue;ioTextBlock
571;Steer.ApA;LabelRot;ioLabel
572;Steer.ApA;GridEngineMeas;ioPanelGrid
573;Steer.ApA;TextEngineValue;ioTextBlock
574;Steer.ApA;LabelEngine;ioLabel
575;Steer.ApA;GridThrustMeas;ioPanelGrid
576;Steer.ApA;TextThrustValue;ioTextBlock
577;Steer.ApA;LabelThrust;ioLabel
578;Steer.CpM;CommandNoRef;ioPanelGrid
579;Steer.CpM;ModeNoRef;ioPanelGrid
580;Steer.CpA;CommandNoRef;ioPanelGrid
581;Steer.CpA;ModeNoRef;ioPanelGrid
582;Steer.CpM;Command;ioPanelGrid
583;Steer.CpM;Mode;ioPanelGrid
584;Steer.CpM;Reference;ioPanelGrid
585;Steer.CpA;Command;ioPanelGrid
586;Steer.CpA;Mode;ioPanelGrid
587;Steer.CpA;Reference;ioPanelGrid
588;Steer.CpM;HeaderCommandPanelSteer;ioLabel
589;Steer.CpM;ShapeCommandStatusSteer;ioShape
590;Steer.CpM;LabelSteerMode;ioLabel
591;Steer.CpM;TextCommandStatusSteer;ioTextBlock
592;Steer.CpM;ButtTakeRequestSteer;ioButtonShape
593;Steer.CpM;ButtReleaseSteer;ioButtonShape
594;Steer.CpA;HeaderCommandPanelSteer;ioLabel
595;Steer.CpA;ShapeCommandStatusSteer;ioShape
596;Steer.CpA;LabelSteerMode;ioLabel
597;Steer.CpA;TextCommandStatusSteer;ioTextBlock
598;Steer.CpA;ButtTakeRequestSteer;ioButtonShape
599;Steer.CpA;ButtReleaseSteer;ioButtonShape
600;Steer.CpM;HeaderModeControl;ioLabel
601;Steer.CpM;ButtDp;ioButtonShape
602;Steer.CpM;ButtTrack;ioButtonShape
603;Steer.CpM;ButtRiver;ioButtonShape
604;Steer.CpM;ButtWork;ioButtonShape
605;Steer.CpM;ButtCourse;ioButtonShape
606;Steer.CpM;ButtStandby;ioButtonShape
607;Steer.CpA;HeaderModeControl;ioLabel
608;Steer.CpA;ButtDp;ioButtonShape
609;Steer.CpA;ButtTrack;ioButtonShape
610;Steer.CpA;ButtRiver;ioButtonShape
611;Steer.CpA;ButtWork;ioButtonShape
612;Steer.CpA;ButtCourse;ioButtonShape
613;Steer.CpA;ButtStandby;ioButtonShape
614;Steer.CpM;LabelHeader;ioLabel
615;Steer.CpM;ButtonLeftSmall;ioButtonText
616;Steer.CpM;ButtMidZero;ioButtonText
617;Steer.CpM;ButtRightSmall;ioButtonText
618;Steer.CpM;EncoderNumber;ioTextBoxNumber
619;Steer.CpM;ButtLeftBig;ioButtonText
620;Steer.CpM;ButtRightBig;ioButtonText
621;Steer.CpA;LabelHeader;ioLabel
622;Steer.CpA;ButtonLeftSmall;ioButtonText
623;Steer.CpA;ButtMidZero;ioButtonText
624;Steer.CpA;ButtRightSmall;ioButtonText
625;Steer.CpA;EncoderNumber;ioTextBoxNumber
626;Steer.CpA;ButtLeftBig;ioButtonText
627;Steer.CpA;ButtRightBig;ioButtonText
56;Pow;RowTop12V;ioPanelGrid
57;Pow;RowMid24V;ioPanelGrid
